taxon_name,level_1
abies,Abies
abies_undiff,Abies
acer,Acer
acer_campestre_type,Acer
achillea,Compositae subfam. Asteroideae
achillea_type,Compositae subfam. Asteroideae
aconitum,Aconitum
aconitum_lycoctonum_subsp_septentrionale,Aconitum
acorus,Acorus
adoxa_moschatellina,Adoxa moschatellina
aesculus_hippocastanum,Aesculus
aesculus_type,Aesculus
agrimonia,Agrimonia/Aremonia
agrostemma_githago,Caryophyllaceae (periporate excl. Paronychioideae)
alchemilla,Alchemilla/Aphanes
alchemilla_type,Alchemilla/Aphanes
allium,Liliaceae-type
allium_type,Liliaceae-type
alnus,Alnus
alnus_corroded,Alnus
alnus_glutinosa,Alnus
alnus_glutinosa_a_incana,Alnus
alnus_shrub_pale_shallow_pores,Alnus
alnus_subg_alnobetula,Alnus
alnus_tree_robust_deep_pores,Alnus
amaranthaceae,Chenopodiaceae/Amaranthaceae
ambrosia,Ambrosia/Xanthium
ambrosia_type,Ambrosia/Xanthium
anagallis,Anagallis-type
anagallis_arvensis,Anagallis-type
anagallis_cf_a_arvensis,Anagallis-type
anagallis_cf_a_tenella,Anagallis-type
anchusa,Anchusa arvensis-type
andromeda_polifolia,Ericales (tetrads)
anemone,Ranunculus-type
anemone_nemorosa,Ranunculus-type
anemone_nemorosa_group,Ranunculus-type
anemone_nemorosa_type,Ranunculus-type
anemone_type,Ranunculus-type
angelica_archangelica,Apiaceae
angelica_palustris_type,Apiaceae
angelica_sylvestris_type,Apiaceae
angelica_type,Apiaceae
anthemis,Compositae subfam. Asteroideae
anthemis_type,Compositae subfam. Asteroideae
anthriscus_sylvestris,Apiaceae
anthriscus_sylvestris_type,Apiaceae
anthyllis,Anthyllis
anthyllis_vulneraria,Anthyllis
apiaceae,Apiaceae
apiaceae_cf_pleurospermum,Apiaceae
apiaceae_type,Apiaceae
apiaceae_type_2,Apiaceae
apiaceae_undiff,Apiaceae
apium_type,Apiaceae
arctium,Cynareae
arctium_type,Cynareae
arctostaphylos,Ericales (tetrads)
arctostaphylos_uva_minus_ursi,Ericales (tetrads)
arctous_alpina,Ericales (tetrads)
arenaria,Caryophyllaceae (periporate excl. Paronychioideae)
arenaria_type,Caryophyllaceae (periporate excl. Paronychioideae)
armeria,Plumbaginaceae
armeria_limonium,Plumbaginaceae
armeria_maritima,Plumbaginaceae
artemisia,Artemisia
artemisia_cf_a_norvegica,Artemisia
artemisia_norvegica,Artemisia
artemisia_norvegica_type,Artemisia
artemisia_sp,Artemisia
artemisia_type,Artemisia
artemisia_undiff,Artemisia
artemisia_vulgaris_type,Artemisia
aster,Compositae subfam. Asteroideae
aster_achillea,Compositae subfam. Asteroideae
aster_type,Compositae subfam. Asteroideae
asteraceae,Asteraceae
asteraceae_undiff,Asteraceae
asteroideae,Compositae subfam. Asteroideae
asteroideae_undiff,Compositae subfam. Asteroideae
astragalus,Astragalus-type
astragalus_alpinus,Astragalus-type
astragalus_cf_a_alpinus,Astragalus-type
astragalus_cf_a_glycyphyllos,Astragalus-type
astragalus_frigidus,Astragalus-type
astragalus_frigidus_type,Astragalus-type
astragalus_ononis_type,Astragalus-type
astragalus_oxytropis,Astragalus-type
astragalus_oxytropis_type,Astragalus-type
astragalus_type,Astragalus-type
atriplex_sp,Atriplex
avena,Poaceae
avena_sativa,Poaceae
avena_triticum,Poaceae
avena_triticum_type,Poaceae
avena_type,Poaceae
berula_erecta,Apiaceae
betula,Betula
betula_cf_b_nana,Betula
betula_corroded,Betula
betula_corylus_myrica,Betulaceae
betula_excluding_b_nana,Betula
betula_hybrid,Betula
betula_nana,Betula
betula_nana_type,Betula
betula_pubescens,Betula
betula_sect_apterocaryon,Betula
betula_sect_betula,Betula
betula_tree,Betula
betula_undiff,Betula
bidens,Compositae subfam. Asteroideae
bidens_type,Compositae subfam. Asteroideae
bistorta,Polygonum-type (tricolporate)
bistorta_officinalis,Polygonum-type (tricolporate)
bistorta_officinalis_b_vivipara,Polygonum-type (tricolporate)
bistorta_officinalis_type,Polygonum-type (tricolporate)
bistorta_vivipara,Polygonum-type (tricolporate)
blackstonia,Gentianaceae
boraginaceae,Boraginaceae
brassica_type,Brassicaceae
brassicaceae,Brassicaceae
brassicaceae_undiff,Brassicaceae
buglossoides_arvensis,Boraginaceae
buxus,Buxus
calluna,Ericales (tetrads)
calluna_vulgaris,Ericales (tetrads)
caltha_type,Caltha-type
calystegia,Calystegia
calystegia_sepium,Calystegia
calystegia_type,Calystegia
campanula,Campanulaceae
campanula_jasione,Campanulaceae
campanula_type,Campanulaceae
campanulaceae,Campanulaceae
cannabaceae,Cannabis/Humulus
cannabaceae_cf_cannabis_sativa,Cannabis/Humulus
cannabaceae_type,Cannabis/Humulus
cannabaceae_undiff,Cannabis/Humulus
cannabis,Cannabis/Humulus
cannabis_sativa,Cannabis/Humulus
cannabis_type,Cannabis/Humulus
capsella,Brassicaceae
capsella_type,Brassicaceae
carduus,Cynareae
carex,Cyperaceae
carex_type,Cyperaceae
carpinus,Carpinus betulus
carpinus_betulus,Carpinus betulus
carpinus_corroded,Carpinus betulus
carum_carvi,Apiaceae
carya,Carya
caryophyllaceae,Caryophyllaceae (periporate excl. Paronychioideae)
caryophyllaceae_undiff,Caryophyllaceae (periporate excl. Paronychioideae)
celtis,Celtis
centaurea,Centaurea
centaurea_cf_c_cyanus,Centaurea cyanus-type
centaurea_cyanus,Centaurea cyanus-type
centaurea_cyanus_type,Centaurea cyanus-type
centaurea_jacea,Centaurea nigra-type
centaurea_jacea_type,Centaurea nigra-type
centaurea_nigra_type,Centaurea nigra-type
centaurea_scabiosa,Centaurea scabiosa-type
centaurea_scabiosa_type,Centaurea scabiosa-type
centaurea_sp,Centaurea
cephalanthera_sp,Cephalanthera
cerastium,Caryophyllaceae (periporate excl. Paronychioideae)
cerastium_cerastoides_type,Caryophyllaceae (periporate excl. Paronychioideae)
cerastium_cf_c_arvense,Caryophyllaceae (periporate excl. Paronychioideae)
cerastium_fontanum_type,Caryophyllaceae (periporate excl. Paronychioideae)
cerastium_type,Caryophyllaceae (periporate excl. Paronychioideae)
cf_aethusa_cynapium,Apiaceae
cf_artemisia,Artemisia
cf_avena,Poaceae
cf_avena_sativa,Poaceae
cf_brassicaceae,Brassicaceae
cf_cannabis_sativa,Cannabis/Humulus
cf_carpinus,Carpinus betulus
cf_chrysosplenium,Chrysosplenium
cf_cyperaceae_type,Cyperaceae
cf_dryas,Rosaceae (non-operculate)
cf_empetrum,Ericales (tetrads)
cf_ephedra_fragilis,Ephedra
cf_frangula_alnus,Rhamnaceae
cf_galeopsis,Galeopsis/Ballota-type
cf_gentiana_pneumonanthe,Gentianaceae
cf_helianthemum,Helianthemum
cf_humulus_lupulus,Cannabis/Humulus
cf_hypericum,Hypericum
cf_ilex,Ilex
cf_lamiaceae,Lamiaceae
cf_larix,Larix/Pseudotsuga
cf_limosella_aquatica,delete
cf_lycopsis_arvensis,Anchusa arvensis-type
cf_maianthemum,Liliaceae-type
cf_melampyrum,Melampyrum
cf_mercurialis,Mercurialis
cf_myrica,Corylus/Myrica
cf_myricaria_germanica,Myricaria germanica
cf_oxytropis,Astragalus-type
cf_pedicularis,Pedicularis
cf_peucedanum_type,Apiaceae
cf_pimpinella_major_type,Apiaceae
cf_poterium_sanguisorba,Sanguisorba-type
cf_prunus,Rosaceae (non-operculate)
cf_quercus,Quercus
cf_ranunculus,Ranunculus-type
cf_rhamnus,Rhamnaceae
cf_sambucus,Sambucus
cf_saxifraga_granulata,Saxifraga
cf_saxifraga_stellaris_type,Saxifraga
cf_scutellaria,Galeopsis/Ballota-type
cf_sorbus_aucuparia,Rosaceae (non-operculate)
cf_taxus,Taxus baccata
cf_thalictrum,Thalictrum
cf_urtica,Urticaceae/Moraceae
cf_valeriana,Valerianaceae
chaerophyllum,Apiaceae
chaerophyllum_bulbosum,Apiaceae
chaerophyllum_hirsutum_type,Apiaceae
chaerophyllum_temulum,Apiaceae
chamaenerion,Onagraceae
chamaenerion_angustifolium,Onagraceae
chamaenerion_angustifolium_type,Onagraceae
chamaenerion_type,Onagraceae
chelidonium,Chelidonium majus
chelidonium_majus,Chelidonium majus
chenopodium_album,Chenopodiaceae/Amaranthaceae
chrysosplenium,Chrysosplenium
chrysosplenium_alternifolium,Chrysosplenium
chrysosplenium_type,Chrysosplenium
cichorieae,Compositae subfam. Cichorioideae
cichorioideae,Compositae subfam. Cichorioideae
cicuta_virosa,Apiaceae
circaea,Onagraceae
cirsium,Cynareae
cirsium_carduus,Cynareae
cirsium_carduus_type,Cynareae
cirsium_helenioides,Cynareae
cirsium_type,Cynareae
conium_maculatum,Apiaceae
conopodium_type,Apiaceae
convallaria,Liliaceae-type
convallaria_majalis,Liliaceae-type
convallaria_type,Liliaceae-type
convolvulaceae,Convolvulaceae
convolvulus,Convolvulus
convolvulus_arvensis_type,Convolvulus
cornus,Cornus
cornus_mas,Cornus
cornus_mas_c_suecica,Cornus
cornus_mas_type,Cornus
cornus_sanguinea,Cornus
cornus_suecica,Cornus
cornus_suecica_thick_wall,Cornus
cornus_suecica_type,Cornus
corydalis_pumila_type,Corydalis
corylus,Corylus/Myrica
corylus_avellana,Corylus/Myrica
corylus_avellana_type,Corylus/Myrica
corylus_corroded,Corylus/Myrica
corylus_myrica,Corylus/Myrica
corylus_type,Corylus/Myrica
crassula,Crassulaceae
crataegus,Rosaceae (non-operculate)
crepis,Compositae subfam. Cichorioideae
cupressus,Juniperus-type
cyperaceae,Cyperaceae
cyperaceae_undiff,Cyperaceae
daphne,Thymelaeaceae
daucus_carota,Apiaceae
daucus_carota_type,Apiaceae
daucus_type,Apiaceae
dianthus,Caryophyllaceae (periporate excl. Paronychioideae)
dianthus_type,Caryophyllaceae (periporate excl. Paronychioideae)
dianthus_type_cf_silene,Caryophyllaceae (periporate excl. Paronychioideae)
diapensia,Diapensia lapponica
diapensia_lapponica,Diapensia lapponica
dioscorea,Tamus communis
dipsacaceae_undiff,Dipsacoideae
dipsacoideae,Dipsacoideae
dipsacoideae_undiff,Dipsacoideae
droseraceae,Drosera
dryas,Rosaceae (non-operculate)
dryas_octopetala,Rosaceae (non-operculate)
echium,Echium/Onosma
echium_onosma,Echium/Onosma
echium_vulgare,Echium/Onosma
empetrum,Ericales (tetrads)
empetrum_nigrum,Ericales (tetrads)
ephedra,Ephedra
ephedra_distachya,Ephedra
ephedra_distachya_subsp_helvetica_type,Ephedra
ephedra_distachya_type,Ephedra
ephedra_fragilis,Ephedra
ephedra_fragilis_type,Ephedra
epilobium,Onagraceae
epilobium_type,Onagraceae
epipactis,Orchidaceae
erica,Ericales (tetrads)
erica_ciliaris,Ericales (tetrads)
erica_tetralix,Ericales (tetrads)
ericaceae,Ericales (tetrads)
ericaceae_cf_calluna,Ericales (tetrads)
ericaceae_cf_cassiope,Ericales (tetrads)
ericaceae_cf_ledum,Ericales (tetrads)
ericaceae_cf_vaccinium,Ericales (tetrads)
ericaceae_type,Ericales (tetrads)
ericaceae_undiff,Ericales (tetrads)
ericales,Ericales (tetrads)
ericales_tetrad,Ericales (tetrads)
ericales_undiff,Ericales (tetrads)
ericoideae,Ericales (tetrads)
erodium,Erodium
euonymus_europaeus,Euonymus
euphorbia,Euphorbiaceae
euphorbiaceae,Euphorbiaceae
euphorbiaceae_cf_mercurialis,Euphorbiaceae
euphrasia,Rhinanthus-group
fabaceae,Fabaceae
fabaceae_undiff,Fabaceae
fagopyrum,Fagopyrum
fagopyrum_esculentum,Fagopyrum
fagus,Fagus
fagus_sylvatica,Fagus
falcaria_vulgaris_type,Apiaceae
fallopia_convolvulus,Polygonum-type (tricolporate)
fallopia_convolvulus_type,Polygonum-type (tricolporate)
festuca,Poaceae
festuca_type,Poaceae
filipendula,Filipendula
fragaria_cf_f_viridis,Rosaceae (operculate)
fragaria_vesca,Rosaceae (operculate)
frangula,Rhamnaceae
frangula_alnus,Rhamnaceae
fraxinus,Fraxinus
fraxinus_excelsior,Fraxinus
fraxinus_excelsior_type,Fraxinus
fumaria,Fumaria
galeopsis,Galeopsis/Ballota-type
galeopsis_type,Galeopsis/Ballota-type
galium,Rubiaceae
galium_type,Rubiaceae
genista_type,Genista-group
gentiana,Gentianaceae
gentiana_campestris,Gentianaceae
gentiana_nivalis,Gentianaceae
gentiana_pneumonanthe,Gentianaceae
gentiana_pneumonanthe_type,Gentianaceae
gentiana_purpurea_type,Gentianaceae
gentianaceae,Gentianaceae
gentianaceae_undiff,Gentianaceae
gentianella,Gentianaceae
gentianella_campestris_type,Gentianaceae
gentianella_sp,Gentianaceae
geraniaceae,Geraniaceae
geranium,Geraniaceae
geranium_sylvaticum,Geraniaceae
geranium_sylvaticum_type,Geraniaceae
geranium_type,Geraniaceae
geum,Geum-type
geum_cf_g_rivale,Geum-type
geum_rivale,Geum-type
geum_type,Geum-type
glaucium,Glaucium
glaux,Anagallis-type
glyceria_type,Poaceae
gnaphalium,Compositae subfam. Asteroideae
gnaphalium_type,Compositae subfam. Asteroideae
gypsophila,Caryophyllaceae (periporate excl. Paronychioideae)
gypsophila_muralis,Caryophyllaceae (periporate excl. Paronychioideae)
gypsophila_type,Caryophyllaceae (periporate excl. Paronychioideae)
hedera,Hedera
hedera_helix,Hedera
hedysarum,Onobrychis-type
helianthemum,Helianthemum
helianthemum_nummularium,Helianthemum
helianthemum_sp,Helianthemum
helianthemum_type,Helianthemum
helianthus,Compositae subfam. Asteroideae
helianthus_type,Compositae subfam. Asteroideae
helleborus,Helleborus
helosciadium_inundatum,Apiaceae
heracleum,Apiaceae
heracleum_sphondylium,Apiaceae
hippocrepis,Coronilla-type
hippophae,Hippophae rhamnoides
hippophae_rhamnoides,Hippophae rhamnoides
hordeum,Poaceae
hordeum_group,Poaceae
hordeum_secale,Poaceae
hordeum_type,Poaceae
hornungia,Brassicaceae
hornungia_type,Brassicaceae
humulus,Cannabis/Humulus
humulus_cannabis,Cannabis/Humulus
humulus_cannabis_type,Cannabis/Humulus
humulus_lupulus,Cannabis/Humulus
humulus_type,Cannabis/Humulus
humulus_urtica,Cannabaceae/Urticaceae
hypericum,Hypericum
hypericum_calycinum_type,Hypericum
hypericum_perforatum,Hypericum
hypericum_perforatum_type,Hypericum
hypericum_pulchrum_type,Hypericum
hypericum_type,Hypericum
hystrix,delete
hystrix_type_a,delete
hystrix_type_b,delete
ilex,Ilex
ilex_aquifolium,Ilex
illecebrum,Caryophyllaceae subfam. Paronychioideae
impatiens,Impatiens
impatiens_noli_tangere,Impatiens
iridaceae,Liliaceae-type
iris,Liliaceae-type
iris_pseudacorus_type,Liliaceae-type
jasione,Campanulaceae
jasione_montana,Campanulaceae
jasione_type,Campanulaceae
juglans,Juglans
juglans_regia,Juglans
juglans_type,Juglans
juncaceae,Juncaceae
juniperus,Juniperus-type
juniperus_communis,Juniperus-type
juniperus_type,Juniperus-type
knautia,Dipsacaceae
knautia_arvensis,Dipsacaceae
knautia_type,Dipsacaceae
koenigia,Koenigia islandica
krascheninnikovia_ceratoides,Chenopodiaceae/Amaranthaceae
lactuca,Compositae subfam. Cichorioideae
lamiaceae,Lamiaceae
lamium,Lamium album-type
lamium_type,Lamium album-type
larix,Larix/Pseudotsuga
lathyrus,Lathyrus/Vicia-type
lathyrus_palustris,Lathyrus/Vicia-type
lathyrus_type,Lathyrus/Vicia-type
ligusticum,Apiaceae
liliaceae,Liliaceae-type
liliaceae_undiff,Liliaceae-type
lilium_martagon,Liliaceae-type
linaceae,Linaceae
linaria,Scrophulariaceae (colporate-reticulate)
linnaea,Linnaea
linnaea_borealis,Linnaea
linum,Linum
linum_bienne_type,Linum
linum_catharticum,Linum
linum_sp,Linum
linum_usitatissimum,Linum
liquidambar,Liquidambar
listera_type,Orchidaceae
lobelia_dortmanna,Lobelia
lonicera,Lonicera
lonicera_periclymenum,Lonicera
lonicera_type,Lonicera
lonicera_xylosteum,Lonicera
lotus,Lotus-type
lotus_cf_l_corniculatus,Lotus-type
lotus_pedunculatus_type,Lotus-type
lotus_type,Lotus-type
lychnis_type,Caryophyllaceae (periporate excl. Paronychioideae)
lycopsis,Anchusa arvensis-type
lycopsis_arvensis,Anchusa arvensis-type
lycopus,Labiatae (6)
lycopus_europaeus,Labiatae (6)
lycopus_type,Labiatae (6)
lysimachia,Anagallis-type
lysimachia_type,Anagallis-type
lysimachia_vulgaris,Anagallis-type
lysimachia_vulgaris_type,Anagallis-type
lythraceae,Lythrum
lythrum,Lythrum
lythrum_salicaria,Lythrum
lythrum_salicaria_type,Lythrum
lythrum_type,Lythrum
maianthemum_type,Liliaceae-type
malus,Rosaceae (non-operculate)
malva,Malvaceae
malva_type,Malvaceae
malvaceae,Malvaceae
marrubium,Marrubium
matricaria_type,Compositae subfam. Asteroideae
medicago_lupulina,Medicago lupulina-type
melampyrum,Melampyrum
melampyrum_pratense,Melampyrum
melilotus,Astragalus-type
melilotus_type,Astragalus-type
mentha,Labiatae (6)
mentha_type,Labiatae (6)
mercurialis,Mercurialis
mercurialis_annua,Mercurialis
mercurialis_perennis,Mercurialis
mercurialis_perennis_type,Mercurialis
mercurialis_type,Mercurialis
micranthes_cf_m_stellaris,Saxifraga
micranthes_nivalis_m_tenuis,Saxifraga
micranthes_nivalis_type,Saxifraga
micranthes_stellaris,Saxifraga
micranthes_stellaris_type,Saxifraga
monotropa,Monotropa hypopitys
montia,Portulaca/Montia
myosotis,Myosotis-type
myrica,Corylus/Myrica
myrica_gale,Corylus/Myrica
myrica_type,Corylus/Myrica
myricaceae,Corylus/Myrica
myricaria,Myricaria germanica
myricaria_germanica,Myricaria germanica
narthecium,Liliaceae-type
narthecium_ossifragum,Liliaceae-type
narthecium_type,Liliaceae-type
odontites,Odontites-type
odontites_type,Odontites-type
oenanthe_fistulosa_type,Apiaceae
onagraceae,Onagraceae
onagraceae_cf_epilobium,Onagraceae
onobrychis,Onobrychis-type
onobrychis_type,Onobrychis-type
ononis,Astragalus-type
ononis_type,Astragalus-type
ononis_type_cf_melilotus,Astragalus-type
orchidaceae,Orchidaceae
orthilia_secunda,Orthilia
ostrya,Ostrya/Carpinus orientalis
oxalis_type,Oxalis
oxyria,Rumex/Oxyria
oxyria_digyna,Rumex/Oxyria
oxyria_type,Rumex/Oxyria
papaver,Papaver
papaver_argemone,Roemeria-type
papaver_argemone_type,Roemeria-type
papaver_cf_p_rhoeas,Papaver
papaver_rhoeas_type,Papaver
papaveraceae,Papaver
parnassia,Parnassia palustris
parnassia_palustris,Parnassia palustris
pedicularis,Pedicularis
pedicularis_palustris_type,Pedicularis
persicaria,Polygonum (pericolpate/periporate)
persicaria_amphibia,Polygonum (pericolpate/periporate)
persicaria_amphibia_type,Polygonum (pericolpate/periporate)
persicaria_maculosa,Polygonum (pericolpate/periporate)
persicaria_maculosa_type,Polygonum (pericolpate/periporate)
peucedanum,Apiaceae
peucedanum_palustre_type,Apiaceae
peucedanum_type,Apiaceae
phillyrea_latifolia,Phillyrea
picea,Picea
picea_abies,Picea
picea_abies_type,Picea
picea_degraded,Picea
pimpinella,Apiaceae
pimpinella_major_type,Apiaceae
pimpinella_saxifraga,Apiaceae
pimpinella_saxifraga_type,Apiaceae
pimpinella_type,Apiaceae
pinguicula,Pinguicula
pinus,Pinus
pinus_degraded,Pinus
pinus_haploxylon,Pinus
pinus_subg_pinus,Pinus
pinus_sylvestris,Pinus
plantago,Plantago
plantago_cf_p_coronopus,Plantago
plantago_coronopus,Plantago
plantago_coronopus_type,Plantago
plantago_lanceolata,Plantago
plantago_lanceolata_type,Plantago
plantago_major,Plantago
plantago_major_p_media,Plantago
plantago_major_p_media_type,Plantago
plantago_maritima,Plantago
plantago_maritima_type,Plantago
plantago_media,Plantago
plantago_media_type,Plantago
plantago_sp,Plantago
plantago_type,Plantago
plantago_undiff,Plantago
plantago_uniflora,Plantago
pleurospermum,Apiaceae
pleurospermum_austriacum,Apiaceae
plumbaginaceae,Plumbaginaceae
poaceae,Poaceae
poaceae_annulus_8_minus_10_mu_m,Poaceae
poaceae_bigger_than_37_mu_m,Poaceae
poaceae_bigger_than_40_mu_m,Poaceae
poaceae_cerealia,Poaceae
poaceae_cerealia_type,Poaceae
poaceae_cerealia_type_undiff,Poaceae
poaceae_cerealia_undiff,Poaceae
poaceae_undiff,Poaceae
poaceae_undiff_bigger_than_40_mu_m,Poaceae
poaceae_undiff_smaller_than_40_mu_m,Poaceae
polemoniaceae,Polemoniaceae
polemonium,Polemoniaceae
polygala,Polygala
polygonaceae,Polygonaceae
polygonaceae_undiff,Polygonaceae
polygonatum,Liliaceae-type
polygonatum_verticillatum,Liliaceae-type
polygonum,Polygonum-type (tricolporate)
polygonum_aviculare,Polygonum-type (tricolporate)
polygonum_aviculare_bistorta_officinalis,Polygonum-type (tricolporate)
polygonum_aviculare_type,Polygonum-type (tricolporate)
polygonum_cf_p_aviculare,Polygonum-type (tricolporate)
polygonum_oxyspermum_type,Polygonum-type (tricolporate)
polygonum_sensu_lato_undiff,Polygonum-type (tricolporate)
populus,Populus
populus_tremula,Populus
portulaca,Portulaca/Montia
potentilla,Rosaceae (operculate)
potentilla_recta,Rosaceae (operculate)
potentilla_type,Rosaceae (operculate)
poterium_sanguisorba,Sanguisorba-type
primula,Primula
primula_farinosa,Primula
primula_farinosa_type,Primula
primula_scandinavica_type,Primula
primula_veris_type,Primula
primulaceae,Primulaceae
prunella,Labiatae (6)
prunella_type,Labiatae (6)
prunus,Rosaceae (non-operculate)
prunus_avium_type,Rosaceae (non-operculate)
prunus_cf_p_padus,Rosaceae (non-operculate)
prunus_padus,Rosaceae (non-operculate)
prunus_spinosa,Rosaceae (non-operculate)
prunus_type,Rosaceae (non-operculate)
pterocarya,Pterocarya
pulmonaria,Boraginaceae
pulmonaria_type_cf_anchusa_arvensis,Boraginaceae
quercus,Quercus
radiola_linoides,Radiola linoides
ranunculaceae,Ranunculaceae
ranunculaceae_undiff,Ranunculaceae
ranunculus,Ranunculus-type
ranunculus_acris,Ranunculus-type
ranunculus_acris_group,Ranunculus-type
ranunculus_acris_type,Ranunculus-type
ranunculus_flammula_type,Ranunculus-type
ranunculus_glacialis,Ranunculus-type
ranunculus_glacialis_type,Ranunculus-type
ranunculus_lingua,Ranunculus-type
ranunculus_sect_batrachium_type,Ranunculus-type
ranunculus_sp,Ranunculus-type
ranunculus_type,Ranunculus-type
ranunculus_undiff,Ranunculus-type
rhamnaceae,Rhamnaceae
rhamnus,Rhamnaceae
rhamnus_cathartica,Rhamnaceae
rhamnus_frangula,Rhamnaceae
rhamnus_type,Rhamnaceae
rhinanthus,Rhinanthus-group
rhinanthus_type,Rhinanthus-group
rhododendron_subsect_ledum,Ericales (tetrads)
rhododendron_tomentosum,Ericales (tetrads)
ribes,Ribes
rosa,Rosaceae (operculate)
rosa_cf_r_canina,Rosaceae (operculate)
rosa_type,Rosaceae (operculate)
rosaceae,Rosaceae
rosaceae_cf_crataegus_type,Rosaceae
rosaceae_cf_prunus,Rosaceae
rosaceae_cf_rosa_type,Rosaceae
rosaceae_cf_sorbus,Rosaceae
rosaceae_undiff,Rosaceae
rubiaceae,Rubiaceae
rubus,Rosaceae (non-operculate)
rubus_arcticus,Rosaceae (non-operculate)
rubus_cf_r_arcticus,Rosaceae (non-operculate)
rubus_cf_r_idaeus,Rosaceae (non-operculate)
rubus_cf_r_saxatilis,Rosaceae (non-operculate)
rubus_chamaemorus,Rubus chamaemorus
rubus_fruticosus_type,Rosaceae (non-operculate)
rubus_idaeus_type,Rosaceae (non-operculate)
rubus_saxatilis,Rosaceae (non-operculate)
rubus_sp,Rosaceae (non-operculate)
rubus_type,Rosaceae (non-operculate)
rumex,Rumex/Oxyria
rumex_acetosa,Rumex/Oxyria
rumex_acetosa_group,Rumex/Oxyria
rumex_acetosa_r_acetosella,Rumex/Oxyria
rumex_acetosa_r_acetosella_type,Rumex/Oxyria
rumex_acetosa_type,Rumex/Oxyria
rumex_acetosella,Rumex/Oxyria
rumex_acetosella_sensu_lato,Rumex/Oxyria
rumex_acetosella_type,Rumex/Oxyria
rumex_aquaticus,Rumex aquaticus-type
rumex_aquaticus_type,Rumex aquaticus-type
rumex_cf_r_longifolius,Rumex aquaticus-type
rumex_crispus_type,Rumex/Oxyria
rumex_longifolius,Rumex aquaticus-type
rumex_longifolius_type,Rumex aquaticus-type
rumex_obtusifolius_type,Rumex/Oxyria
rumex_oxyria,Rumex/Oxyria
rumex_oxyria_digyna,Rumex/Oxyria
rumex_scutatus_type,Rumex/Oxyria
rumex_sp,Rumex/Oxyria
rumex_subg_acetosa,Rumex/Oxyria
rumex_subg_rumex,Rumex/Oxyria
rumex_subg_rumex_type,Rumex/Oxyria
rumex_type,Rumex/Oxyria
rumex_undiff,Rumex/Oxyria
sagina,Caryophyllaceae (periporate excl. Paronychioideae)
sagina_nodosa,Caryophyllaceae (periporate excl. Paronychioideae)
sagina_type,Caryophyllaceae (periporate excl. Paronychioideae)
salix,Salix
salix_herbacea,Salix
salix_herbacea_type,Salix
salix_undiff,Salix
salsola_sp,Salix
sambucus,Sambucus
sambucus_ebulus,Sambucus
sambucus_nigra,Sambucus
sambucus_nigra_s_racemosa,Sambucus
sambucus_nigra_type,Sambucus
sambucus_type,Sambucus
sanguisorba,Sanguisorba-type
sanguisorba_officinalis,Sanguisorba-type
sanicula_europaea,Apiaceae
sanicula_type,Apiaceae
saussurea,Cynareae
saussurea_nuda,Cynareae
saussurea_type,Cynareae
saxifraga,Saxifraga
saxifraga_aizoides_type,Saxifraga
saxifraga_cernua_s_rivularis,Saxifraga
saxifraga_cernua_type,Saxifraga
saxifraga_cespitosa_type,Saxifraga
saxifraga_cf_s_oppositifolia,Saxifraga
saxifraga_granulata_type,Saxifraga
saxifraga_hirculus,Saxifraga
saxifraga_hirculus_type,Saxifraga
saxifraga_oppositifolia,Saxifraga
saxifraga_oppositifolia_type,Saxifraga
saxifraga_undiff,Saxifraga
saxifragaceae,Saxifragaceae
scabiosa,Dipsacaceae
scilla_type,Liliaceae-type
scleranthus,Caryophyllaceae (periporate excl. Paronychioideae)
scleranthus_annuus,Caryophyllaceae (periporate excl. Paronychioideae)
scleranthus_perennis,Caryophyllaceae (periporate excl. Paronychioideae)
scorzonera_humilis_type,Compositae subfam. Cichorioideae
scrophularia,Scrophulariaceae (colporate-reticulate)
scrophularia_type,Scrophulariaceae (colporate-reticulate)
scrophulariaceae,Scrophulariaceae (colporate-reticulate)
scrophulariaceae_undiff,Scrophulariaceae (colporate-reticulate)
scutellaria_type,Galeopsis/Ballota-type
secale,Poaceae
secale_cereale,Poaceae
secale_primitive,Poaceae
secale_type,Poaceae
sedum,Crassulaceae
sedum_acre,Crassulaceae
sedum_type,Crassulaceae
senecio,Compositae subfam. Asteroideae
senecio_type,Compositae subfam. Asteroideae
serratula,Cynareae
serratula_type,Cynareae
sibbaldia,Geum-type
silene,Caryophyllaceae (periporate excl. Paronychioideae)
silene_acaulis,Caryophyllaceae (periporate excl. Paronychioideae)
silene_acaulis_type,Caryophyllaceae (periporate excl. Paronychioideae)
silene_cf_s_acaulis,Caryophyllaceae (periporate excl. Paronychioideae)
silene_dioica,Caryophyllaceae (periporate excl. Paronychioideae)
silene_dioica_type,Caryophyllaceae (periporate excl. Paronychioideae)
silene_flos_minus_cuculi,Caryophyllaceae (periporate excl. Paronychioideae)
silene_type,Caryophyllaceae (periporate excl. Paronychioideae)
silene_type_undiff,Caryophyllaceae (periporate excl. Paronychioideae)
silene_viscaria_type,Caryophyllaceae (periporate excl. Paronychioideae)
silene_vulgaris_type,Caryophyllaceae (periporate excl. Paronychioideae)
sinapis,Brassicaceae
sinapis_type,Brassicaceae
sium_latifolium,Apiaceae
sium_latifolium_type,Apiaceae
solanum,Solanum
solanum_dulcamara,Solanum
solanum_nigrum_type,Solanum
solanum_type,Solanum
solidago,Compositae subfam. Asteroideae
solidago_saussurea,Cynareae
solidago_type,Compositae subfam. Asteroideae
solidago_type_saussurea_type,Compositae subfam. Asteroideae
sorbus,Rosaceae (non-operculate)
sorbus_aria_type,Rosaceae (non-operculate)
sorbus_aucuparia,Rosaceae (non-operculate)
sorbus_cf_s_aucuparia,Rosaceae (non-operculate)
sorbus_group,Rosaceae (non-operculate)
sorbus_sp,Rosaceae (non-operculate)
sorbus_type,Rosaceae (non-operculate)
spergula,Spergularia-type
spergula_arvensis,Spergula arvensis-type
spergula_type,Spergularia-type
spergularia,Spergularia-type
spergularia_type,Spergularia-type
stachys,Galeopsis/Ballota-type
stachys_sylvatica_type,Galeopsis/Ballota-type
stachys_type,Galeopsis/Ballota-type
stellaria_cf_s_holostea,Caryophyllaceae (periporate excl. Paronychioideae)
stellaria_holostea,Caryophyllaceae (periporate excl. Paronychioideae)
stellaria_palustris,Caryophyllaceae (periporate excl. Paronychioideae)
stellaria_type,Caryophyllaceae (periporate excl. Paronychioideae)
succisa,Dipsacaceae
succisa_pratensis,Dipsacaceae
syringa,Ligustrum-type
taraxacum,Compositae subfam. Cichorioideae
taraxacum_officinale,Compositae subfam. Cichorioideae
taraxacum_type,Compositae subfam. Cichorioideae
taxus,Taxus baccata
taxus_baccata,Taxus baccata
teucrium,Teucrium
teucrium_type,Teucrium
thalictrum,Thalictrum
thalictrum_flavum,Thalictrum
thalictrum_sp,Thalictrum
thalictrum_type,Thalictrum
thymus_mentha,Labiatae (6)
tilia,Tilia
tilia_cordata,Tilia
tilia_platyphyllos,Tilia
tofieldia,Tofieldia
tofieldia_pusilla,Tofieldia
trientalis,Trientalis europaea
trientalis_europaea,Trientalis europaea
trifolium,Trifolium-type
trifolium_montanum_type,Trifolium-type
trifolium_pratense,Trifolium-type
trifolium_pratense_type,Trifolium-type
trifolium_repens,Trifolium-type
trifolium_repens_type,Trifolium-type
trifolium_type,Trifolium-type
triticum,Poaceae
triticum_sativum,Poaceae
triticum_spelta_type,Poaceae
triticum_type,Poaceae
trollius,Trollius europaeus
trollius_europaeus,Trollius europaeus
trollius_type,Trollius europaeus
tsuga,Tsuga
ulex_type,Genista-group
ulmus,Ulmus/Zelkova
ulmus_corroded,Ulmus/Zelkova
urtica,Urticaceae/Moraceae
urtica_dioica,Urticaceae/Moraceae
urtica_type,Urticaceae/Moraceae
urticaceae,Urticaceae/Moraceae
vaccinium,Ericales (tetrads)
vaccinium_cf_v_uliginosum,Ericales (tetrads)
vaccinium_sect_vitis_minus_idaea,Ericales (tetrads)
vaccinium_sp,Ericales (tetrads)
vaccinium_type,Ericales (tetrads)
valeriana,Valerianaceae
valeriana_excelsa_subsp_sambucifolia_type,Valerianaceae
valeriana_officinalis,Valerianaceae
valeriana_officinalis_type,Valerianaceae
valeriana_type,Valerianaceae
valerianella,Valerianaceae
valerianoideae,Valerianaceae
verbascum,Scrophulariaceae (colporate-reticulate)
veronica,Rhinanthus-group
veronica_type,Rhinanthus-group
viburnum,Viburnum
viburnum_opulus,Viburnum
viburnum_opulus_type,Viburnum
vicia,Lathyrus/Vicia-type
vicia_cracca,Lathyrus/Vicia-type
vicia_cracca_type,Lathyrus/Vicia-type
vicia_faba_type,Lathyrus/Vicia-type
vicia_lathyrus,Lathyrus/Vicia-type
vicia_lathyrus_type,Lathyrus/Vicia-type
vicia_sylvatica_type,Lathyrus/Vicia-type
vicia_type,Lathyrus/Vicia-type
viola,Viola
viola_arvensis,Viola
viola_arvensis_type,Viola
viola_odorata_type,Viola
violaceae,Viola
viscum,Viscum album
viscum_album,Viscum album
vitis,Vitis
xanthium,Ambrosia/Xanthium
zea,Poaceae
zea_mays,Poaceae
zygophyllum,Zygophyllum